{
  "books": [],
  "darkMode": true,
  "bookmarks": {
    "audiobook_1752188061975": [],
    "1751857578015.5803": [],
    "audiobook_1752195396070": []
  },
  "ttsSettings": {
    "rate": 1,
    "pitch": 1,
    "voice": "Microsoft Pavel - Russian (Russia)",
    "volume": 0.2
  },
  "achievements": {
    "collector": true,
    "reader": false,
    "bookmarker": false,
    "active": true,
    "wordMaster": false,
    "consistent": false
  },
  "readingStats": {
    "audiobook_1752186960359": {
      "progress": 0,
      "lastRead": 1752186960364,
      "readingTime": 0,
      "bookmarkAdded": false,
      "added": true
    },
    "audiobook_1752187305737": {
      "progress": 0,
      "lastRead": 1752187305745,
      "readingTime": 0,
      "bookmarkAdded": false,
      "added": true
    },
    "audiobook_1752188061975": {
      "progress": 75.00732041080431,
      "lastRead": 1752191202682,
      "readingTime": 0,
      "bookmarkAdded": true,
      "added": true
    },
    "audiobook_1752193687010": {
      "progress": 0,
      "lastRead": 1752193687011,
      "readingTime": 0,
      "bookmarkAdded": false,
      "added": true
    },
    "book_1752188439902_0.69524053002183": {
      "progress": 0,
      "lastRead": 1752188439902,
      "readingTime": 0,
      "bookmarkAdded": false,
      "added": true
    },
    "book_1752186426788_0.8734313174368314": {
      "progress": 0,
      "lastRead": 1752186426789,
      "readingTime": 0,
      "bookmarkAdded": false,
      "added": true
    },
    "book_1752187910770_0.3877077967434146": {
      "progress": 0,
      "lastRead": 1752187910770,
      "readingTime": 0,
      "bookmarkAdded": false,
      "added": true
    },
    "book_1752187948541_0.9315458082200067": {
      "progress": 0,
      "lastRead": 1752187948541,
      "readingTime": 0,
      "bookmarkAdded": false,
      "added": true
    },
    "book_1752188416234_0.1977999878540585": {
      "progress": 0,
      "lastRead": 1752188416235,
      "readingTime": 0,
      "bookmarkAdded": false,
      "added": true
    },
    "book_1752189820323_0.9570207376135138": {
      "progress": 0,
      "lastRead": 1752189820323,
      "readingTime": 0,
      "bookmarkAdded": false,
      "added": true
    },
    "book_1752190273793_0.6675570383862865": {
      "progress": 0,
      "lastRead": 1752190273794,
      "readingTime": 0,
      "bookmarkAdded": false,
      "added": true
    },
    "book_1752194726261_0.7595508777985911": {
      "progress": 0,
      "lastRead": 1752194726261,
      "readingTime": 0,
      "bookmarkAdded": false,
      "added": true
    },
    "book_1752187200124_0.16556721334524716": {
      "progress": 0,
      "lastRead": 1752187200124,
      "readingTime": 0,
      "bookmarkAdded": false,
      "added": true
    },
    "book_1752189837267_0.09500679078858532": {
      "progress": 3.8461538461538463,
      "lastRead": 1752189848547,
      "readingTime": 0,
      "bookmarkAdded": false,
      "added": true
    },
    "book_1752194761571_0.8913623642913371": {
      "progress": 0,
      "lastRead": 1752194761573,
      "readingTime": 0,
      "bookmarkAdded": false,
      "added": true
    },
    "audiobook_1752194927389": {
      "progress": 100,
      "lastRead": 1752195340266,
      "readingTime": 0,
      "bookmarkAdded": false,
      "added": true
    },
    "audiobook_1752195396070": {
      "progress": 51.59623366390809,
      "lastRead": 1752204296246,
      "readingTime": 0,
      "bookmarkAdded": true,
      "added": true
    },
    "audiobook_1752195658024": {
      "progress": 6.688495001139285,
      "lastRead": 1752196464986,
      "readingTime": 0,
      "bookmarkAdded": false,
      "added": true
    },
    "audiobook_1752195825531": {
      "progress": 3.587304440931881,
      "lastRead": 1752195890208,
      "readingTime": 0,
      "bookmarkAdded": false,
      "added": true
    },
    "audiobook_1752196090536": {
      "progress": 2.912772859261101,
      "lastRead": 1752196181635,
      "readingTime": 0,
      "bookmarkAdded": false,
      "added": true
    },
    "audiobook_1752196280921": {
      "progress": 100,
      "lastRead": 1752199606443,
      "readingTime": 0,
      "bookmarkAdded": false,
      "added": true
    },
    "audiobook_1752196605525": {
      "progress": 0,
      "lastRead": 1752196605526,
      "readingTime": 0,
      "bookmarkAdded": false,
      "added": true
    },
    "book_1752196727776_0.6942311051591469": {
      "progress": 0,
      "lastRead": 1752196727777,
      "readingTime": 0,
      "bookmarkAdded": false,
      "added": true
    },
    "audiobook_1752196851790": {
      "progress": 4.311939362094177,
      "lastRead": 1752197090264,
      "readingTime": 0,
      "bookmarkAdded": false,
      "added": true
    },
    "audiobook_1752197230764": {
      "progress": 4.643346400527099,
      "lastRead": 1752197315314,
      "readingTime": 0,
      "bookmarkAdded": false,
      "added": true
    },
    "audiobook_1752197411498": {
      "progress": 5.621889457842974,
      "lastRead": 1752197455098,
      "readingTime": 0,
      "bookmarkAdded": false,
      "added": true
    },
    "audiobook_1752197547091": {
      "progress": 5.59902296545796,
      "lastRead": 1752197639949,
      "readingTime": 0,
      "bookmarkAdded": false,
      "added": true
    },
    "audiobook_1752197750662": {
      "progress": 3.140589479260008,
      "lastRead": 1752197848238,
      "readingTime": 0,
      "bookmarkAdded": false,
      "added": true
    },
    "audiobook_1752197985466": {
      "progress": 5.071391880749092,
      "lastRead": 1752198058068,
      "readingTime": 0,
      "bookmarkAdded": false,
      "added": true
    },
    "audiobook_1752198286441": {
      "progress": 4.353812398384293,
      "lastRead": 1752198317998,
      "readingTime": 0,
      "bookmarkAdded": false,
      "added": true
    },
    "audiobook_1752198445236": {
      "progress": 0,
      "lastRead": 1752198445237,
      "readingTime": 0,
      "bookmarkAdded": false,
      "added": true
    },
    "audiobook_1752198613786": {
      "progress": 1.5845805571007132,
      "lastRead": 1752198703609,
      "readingTime": 0,
      "bookmarkAdded": false,
      "added": true
    },
    "audiobook_1752198773848": {
      "progress": 4.57084798624165,
      "lastRead": 1752198865263,
      "readingTime": 0,
      "bookmarkAdded": false,
      "added": true
    },
    "audiobook_1752198920279": {
      "progress": 100,
      "lastRead": 1752199570381,
      "readingTime": 0,
      "bookmarkAdded": false,
      "added": true
    },
    "audiobook_1752199238745": {
      "progress": 3.8788344296186343,
      "lastRead": 1752199299795,
      "readingTime": 0,
      "bookmarkAdded": false,
      "added": true
    },
    "audiobook_1752199380459": {
      "progress": 5.6781899104623905,
      "lastRead": 1752199491580,
      "readingTime": 0,
      "bookmarkAdded": false,
      "added": true
    },
    "audiobook_1752199790879": {
      "progress": 9.163181847386895,
      "lastRead": 1752199861274,
      "readingTime": 0,
      "bookmarkAdded": false,
      "added": true
    },
    "audiobook_1752199943402": {
      "progress": 4.501272137045765,
      "lastRead": 1752199996251,
      "readingTime": 0,
      "bookmarkAdded": false,
      "added": true
    },
    "audiobook_1752200129953": {
      "progress": 7.2037455450917856,
      "lastRead": 1752200228604,
      "readingTime": 0,
      "bookmarkAdded": false,
      "added": true
    },
    "audiobook_1752200311198": {
      "progress": 5.921774173289185,
      "lastRead": 1752200364580,
      "readingTime": 0,
      "bookmarkAdded": false,
      "added": true
    },
    "audiobook_1752200436327": {
      "progress": 6.309813698442213,
      "lastRead": 1752200541664,
      "readingTime": 0,
      "bookmarkAdded": false,
      "added": true
    },
    "audiobook_1752200592646": {
      "progress": 3.1601955225910348,
      "lastRead": 1752200702755,